{
  "bias": -2.10049495,
  "margin": 0.0,
  "metadata": {
    "hard_negatives": 251,
    "kind": "centroid-delta",
    "negative_weight": 2023.0,
    "negatives": 768,
    "positive_weight": 940.0,
    "positives": 94,
    "rows": 862,
    "trained_at": 1779562315
  },
  "schema_version": 1,
  "threshold": 0.7,
  "type": "semscrape_candidate_ranker",
  "weights": {
    "candidate_depth": 0.07327331,
    "candidate_own_text_len": 0.069441,
    "candidate_own_text_ratio": 0.677002,
    "candidate_tag=aside": -0.1799308,
    "candidate_tag=body": -0.16093646,
    "candidate_tag=code": 0.09404613,
    "candidate_tag=dd": 0.07427351,
    "candidate_tag=footer": -0.07315868,
    "candidate_tag=h1": 0.36629821,
    "candidate_tag=h2": -0.07702906,
    "candidate_tag=html": -0.16093646,
    "candidate_tag=main": -0.15311156,
    "candidate_tag=nav": -0.09886307,
    "candidate_tag=p": 0.20235378,
    "candidate_tag=pre": 0.06137925,
    "candidate_tag=section": -0.08588467,
    "candidate_tag=span": 0.09343612,
    "candidate_tag=time": 0.10986422,
    "candidate_text_len": -0.13035124,
    "field_type=date": 0.74738381,
    "field_type=price": -0.54014998,
    "field_type=text": -0.23731345,
    "hard_disqualified": -1.50667326,
    "hard_disqualifier_count": -0.56549679,
    "hard_negative": -2.97775581,
    "has_currency": -0.37603727,
    "has_number": -0.33068647,
    "heuristic_score": 0.71373334,
    "matches_description_terms": 0.45735741,
    "matches_field_name": 0.82363459,
    "matches_field_tokens": 0.67803241,
    "matches_hints": 1.32522796,
    "negative_context_hits": -0.26017553,
    "own_negative_context_hits": -0.19889568,
    "positive_context_hits": 0.27968259,
    "rank_inverse": 2.05244043,
    "rank_percentile": 0.60120213,
    "selector_quality": 0.2067372,
    "selector_strategy=aria_attribute": 0.07625078,
    "selector_strategy=class_semantic": 0.22374607,
    "selector_strategy=position_path": -0.38716463,
    "validation_error_count": -1.08699951,
    "validation_passed": 3.02125556,
    "validator_confidence": 0.91602108,
    "validator_penalty_count": -0.08894732
  }
}