{
  "bias": -2.96825908,
  "margin": 0.0,
  "metadata": {
    "hard_negatives": 1091,
    "kind": "centroid-delta",
    "negative_weight": 8004.0,
    "negatives": 2549,
    "positive_weight": 1310.0,
    "positives": 131,
    "rows": 2680,
    "trained_at": 1779666021
  },
  "schema_version": 1,
  "threshold": 0.7,
  "type": "semscrape_candidate_ranker",
  "weights": {
    "candidate_attr_text_len": -0.30487403,
    "candidate_depth": -0.32877111,
    "candidate_own_text_len": 0.17108381,
    "candidate_own_text_ratio": -0.42581404,
    "candidate_tag=a": -1.32160256,
    "candidate_tag=div": 0.14537388,
    "candidate_tag=h1": 0.72083042,
    "candidate_tag=h2": 0.06816439,
    "candidate_tag=li": -0.13943028,
    "candidate_tag=meta": 0.06056514,
    "candidate_tag=p": -0.18630761,
    "candidate_tag=small": 0.19145008,
    "candidate_tag=span": -0.13998344,
    "candidate_tag=title": 0.72382893,
    "candidate_tag=ul": -0.06396802,
    "candidate_text_len": 0.12860574,
    "hard_disqualified": -0.85757121,
    "hard_disqualifier_count": -0.28585707,
    "hard_negative": -3.27136432,
    "has_number": 0.1240334,
    "heuristic_score": 0.52824434,
    "matches_description_terms": -0.30968485,
    "matches_field_tokens": 0.22079418,
    "negative_context_hits": -0.34467881,
    "own_negative_context_hits": -0.54745757,
    "positive_context_hits": 0.11912984,
    "rank_inverse": 2.0727119,
    "rank_percentile": 1.37186416,
    "region_footer": -0.17991004,
    "region_listing_card": 0.19066802,
    "region_main": -0.07577509,
    "region_nav": -0.3307354,
    "region_product": -0.24572828,
    "region_tag_cloud": -0.16926651,
    "selector_quality": 0.08370055,
    "selector_strategy=aria_attribute": -0.17941029,
    "selector_strategy=position_path": -0.08414114,
    "selector_strategy=semantic_attribute": 0.26355143,
    "validation_error_count": -0.21751624,
    "validation_passed": 0.87006497,
    "validator_penalty_count": 0.10801317
  }
}